name_word,frequency
for,953
pen,929
seeds,807
nail,630
makeup,622
cream,577
gel,535
new,507
waterproof,477
liquid,476
care,475
lip,417
lipstick,395
hair,389
women,388
long,388
colors,372
oil,371
color,370
lasting,364
anti,342
flower,339
matte,335
garden,334
eye,330
polish,321
natural,313
and,311
coin,302
tool,301
black,293
men,292
skin,289
bonsai,286
gift,274
fashion,266
set,259
art,250
beauty,248
gold,247
home,241
pens,238
whitening,234
office,228
plant,223
school,218
growth,216
coins,205
face,201
stationery,200
car,198
essential,193
eyeshadow,188
plants,185
silver,180
foot,180
body,178
ink,175
with,174
commemorative,174
supplies,171
treatment,169
glitter,169
massage,166
pencil,163
metal,161
cosmetic,151
double,149
bag,147
diy,146
essence,145
seed,144
loss,143
gloss,143
collection,142
writing,141
tools,141
repair,140
sexy,138
ballpoint,138
health,137
removal,136
powder,135
smooth,133
eyeliner,133
remover,132
weight,130
rare,127
teeth,126
paint,126
the,125
moisturizing,125
fruit,125
10ml,125
mascara,124
ball,124
red,123
metallic,122
mini,121
toy,120
slimming,117
tree,114
spray,114
professional,114
hot,112
cute,112
creative,110
fat,106
eyebrow,105
acne,105
lipgloss,103
brand,103
rose,102
high,102
velvet,101
toys,101
herbal,101
concealer,100
steel,97
kids,96
brush,96
super,95
pearl,95
magic,94
gifts,94
fine,94
crystal,93
outdoor,92
shimmer,91
pigment,91
drawing,91
wrinkle,90
stainless,90
soft,90
products,90
phone,90
liner,90
holder,90
diamond,90
aging,90
souvenir,89
shadow,89
permanent,89
magnetic,89
painting,88
off,88
business,88
oils,87
dark,86
detox,85
decoration,85
cosmetics,85
self,84
relax,84
plated,84
point,83
knife,83
big,82
moisturizer,81
lady,79
kit,79
defense,79
white,78
silicone,78
patch,78
led,77
quality,76
accessories,76
thickening,74
marker,74
female,74
control,74
blue,74
you,73
water,73
pure,73
potted,73
perennial,73
pain,73
mirror,73
1pc,73
manicure,72
chinese,72
oral,71
facial,71
cleaning,71
wax,70
mask,70
extension,70
remove,69
nude,69
increase,69
signature,68
organic,68
stick,67
ointment,67
mud,67
lips,67
flowers,67
effective,67
burning,66
best,66
relief,65
colorful,65
make,64
foundation,64
eyelash,64
base,64
fast,63
acid,63
your,62
tea,62
easy,62
kawaii,61
style,60
phoera,60
full,60
student,59
tooth,58
multi,58
medium,58
highlighter,58
dick,58
decor,58
air,58
varnish,57
balcony,57
slime,56
scar,56
executive,56
bottle,56
beautiful,56
dye,55
cellulite,55
aromatherapy,55
acrylic,55
stickers,54
soap,54
universal,53
soak,53
l√®vres,53
light,53
hyaluronic,53
glue,53
fountain,53
cartoon,53
5mm,53
lot,52
girl,52
casual,52
bigger,52
balm,52
scratch,51
party,51
indoor,51
hand,51
fiber,51
ring,50
paste,50
mobile,50
design,48
antique,48
30ml,48
roller,47
green,47
powerful,46
pepper,46
men's,46
feet,46
100%,46
mount,45
medical,45
fungus,45
fragrant,45
stand,44
sale,44
refills,44
rechargeable,44
product,44
pack,44
jelly,44
ended,44
cleaner,44
round,43
mixed,43
head,43
glass,43
usb,42
snail,42
non,42
clay,42
20ml,42
size,41
retractable,41
primer,41
medicine,41
lotus,41
dollar,41
cat,41
24k,41
vegetable,40
sace,40
refill,40
perfume,40
male,40
stress,39
rollerball,39
queen,39
palette,39
multicolor,39
lacquer,39
improve,39
fungal,39
des,39
dental,39
cover,39
thick,38
pro,38
novelty,38
marks,38
curling,38
bright,38
adhesive,38
vitamin,37
ultra,37
training,37
sleep,37
pencils,37
lucky,37
free,37
day,37
8ml,37
30g,37
vintage,36
supply,36
sticker,36
shape,36
random,36
peel,36
one,36
love,36
hygiene,36
fragrance,36
folding,36
enlarge,36
dnm,36
blackhead,36
bar,36
women's,35
warts,35
therapy,35
slim,35
quick,35
pot,35
portable,35
pores,35
muscle,35
grass,35
finger,35
extract,35
ear,35
clear,35
calligraphy,35
bamboo,35
auto,35
american,35
tint,34
temperature,34
magnet,34
ginger,34
cleansing,34
camping,34
brow,34
box,34
all,34
0mm,34
time,33
stamp,33
pads,33
metallics,33
maca,33
glow,33
funny,33
cell,33
stretch,32
schlong,32
remote,32
purple,32
pink,32
nails,32
laser,32
healthy,32
firming,32
color:,32
coat,32
charcoal,32
change,32
builder,32
tag,31
survival,31
sketch,31
plug,31
plastic,31
planting,31
nice,31
mineral,31
lily,31
girls,31
coverage,31
classic,31
christmas,31
twist,30
tip,30
solution,30
morgan,30
markers,30
grow,30
come,30
colour,30
circles,30
channewer,30
bleaching,30
15ml,30
